<?xml version="1.0" encoding="UTF-8" standalone="yes"?>
<addon id="repo.icewolfe" name="Icewolfe's Wizard Repo" version="1.0" provider-name="Icewolfe">
    <extension point="xbmc.addon.repository" name="Example Repository">
        <dir>
            <info compressed="false">https://raw.githubusercontent.com/icewolfe06/repo/master/zips/addons.xml</info>
            <checksum>https://raw.githubusercontent.com/icewolfe06/repo/master/zips/addons.xml.md5</checksum>
            <datadir zip="true">https://raw.githubusercontent.com/icewolfe06/repo/master/zips/</datadir>
        </dir>
    </extension>
    <extension point="xbmc.addon.metadata">
        <summary>repo.icewolfe</summary>
        <description>Repo for Icewolfe's Kodi Wizard</description>
        <disclaimer></disclaimer>
        <platform>all</platform>
        <assets>
            <icon>icon.png</icon>
            <fanart>fanart.jpg</fanart>
        </assets>
    </extension>
</addon>